name,reference,center_x,center_y,bbox_center_x,bbox_center_y,width,height
Crystal:Crystal_HC49-4H_Vertical,Y2,135.5741,105.5116,133.1241,105.5116,12.099999999999994,5.599999999999994
Package_DFN_QFN:VQFN-32-1EP_5x5mm_P0.5mm_EP3.1x3.1mm,U3,134.1501,97.0026,134.1501,97.0026,6.259999999999991,6.259999999999991
Crystal:Resonator_SMD_Murata_CSTxExxV-3Pin_3.0x1.1mm,Y1,155.4861,106.7816,155.4861,106.7816,3.5,2.4000000000000057
Capacitor_SMD:C_0603_1608Metric,C9,142.1511,100.1776,142.1511,100.1776,2.9599999999999795,1.460000000000008
Connector_PinSocket_2.54mm:PinSocket_1x10_P2.54mm_Vertical,J4,155.8671,80.8736,167.26709999999997,80.89859999999999,26.400000000000006,3.549999999999997
Arduino UNO:CAP_EEHZA1E470P,C1,132.6261,122.5296,132.6261,122.5296,7.100000000000023,8.699999999999989
Diode_SMD:D_1206_3216Metric,D2,173.6471,103.7336,173.6471,103.7336,2.240000000000009,4.560000000000002
Capacitor_SMD:C_0603_1608Metric,C11,130.2131,102.0826,130.2131,102.0826,2.9599999999999795,1.460000000000008
Capacitor_SMD:C_0603_1608Metric,C3,132.6261,116.3066,132.6261,116.3066,1.4599999999999795,2.960000000000008
Inductor_SMD:L_0805_2012Metric,FB1,121.8311,86.995,121.8311,86.995,3.5,1.6999999999999886
Capacitor_SMD:C_0603_1608Metric,C4,126.2761,101.8286,126.2761,101.8286,2.960000000000008,1.460000000000008
Package_DIP:DIP-28_W7.62mm_Socket,U4,177.0761,111.4806,193.6011,107.6806,36.25,10.700000000000003
LED_SMD:LED_0805_2012Metric,D4,142.1511,89.408,142.1511,89.408,3.3600000000000136,1.9000000000000057
Capacitor_SMD:C_0603_1608Metric,C6,142.1511,87.2236,142.1511,87.2236,2.9599999999999795,1.460000000000008
Capacitor_SMD:C_0603_1608Metric,C12,158.5341,121.412,158.5341,121.412,2.9599999999999795,1.460000000000008
Capacitor_SMD:C_0603_1608Metric,C7,142.1511,101.8286,142.1511,101.8286,2.9599999999999795,1.460000000000008
Connector_USB:USB_C_Receptacle_GCT_USB4105-xx-A_16P_TopMnt_Horizontal,J8,117.85,93.5736,116.6475,93.5736,6.555000000000007,11.740000000000009
Package_TO_SOT_SMD:SOT-23-5,U2,136.1821,116.4336,136.1821,116.4336,4.100000000000023,3.4000000000000057
Diode_SMD:D_SMB,D1,135.8011,129.159,135.8011,129.159,7.300000000000011,4.5
Capacitor_SMD:C_0603_1608Metric,C10,126.9111,89.7636,126.9111,89.7636,2.9599999999999937,1.460000000000008
Arduino UNO:SW_TS06-667-30-BK-100-G-SMT-TR,S1,120.5611,82.2706,120.5611,82.2706,10.5,7.199999999999989
Capacitor_SMD:C_0603_1608Metric,C13,136.4361,102.0826,136.4361,102.0826,2.9599999999999795,1.460000000000008
Connector_PinSocket_2.54mm:PinSocket_1x06_P2.54mm_Vertical,J6,165.011,129.1336,158.686,129.1086,16.25,3.549999999999997
Package_SO:MSOP-8_3x3mm_P0.65mm,U5,133.2611,111.3536,133.2611,111.3536,6.360000000000014,3.5
Jumper:SolderJumper-2_P1.3mm_Open_Pad1.0x1.5mm,JP1,142.1511,104.3686,142.1511,104.3686,3.3000000000000114,2.5
Fiducial:Fiducial_1mm_Mask3mm,FID1,120.5611,81.7626,120.5611,81.7626,2.0,2.0
Connector_PinSocket_2.54mm:PinSocket_1x08_P2.54mm_Vertical,J7,142.1511,129.1336,133.2761,129.1086,21.35000000000001,3.549999999999997
Package_TO_SOT_SMD:SOT-223-3_TabPin2,U1,121.9581,114.2746,121.9581,114.2746,8.800000000000011,7.199999999999989
Resistor_SMD:R_0603_1608Metric,Z1,126.9111,92.0336,126.9111,92.0336,2.9599999999999937,1.460000000000008
Resistor_SMD:R_0603_1608Metric,R3,123.698,91.4908,123.698,91.4908,1.460000000000008,2.960000000000008
Arduino UNO:CONN_M20-9980245_HRW,J2,135.039,91.796,136.309,93.066,5.029200000000003,5.030000000000001
Resistor_SMD:R_Array_Convex_4x0603,RN2,142.1511,92.3036,142.1511,92.3036,3.1000000000000227,3.6999999999999886
Resistor_SMD:R_0603_1608Metric,R4,123.698,96.1136,123.698,96.1136,1.460000000000008,2.960000000000008
Resistor_SMD:R_0603_1608Metric,R2,155.4861,108.9406,155.4861,108.9406,2.9599999999999795,1.460000000000008
Fiducial:Fiducial_1mm_Mask3mm,FID3,117.9411,128.2636,117.9411,128.2636,2.0,2.0
Connector_BarrelJack:BarrelJack_Kycon_KLDX-0202-xC_Horizontal,J9,126.12,123.36,119.67,123.96000000000001,15.900000000000006,11.200000000000003
LED_SMD:LED_0805_2012Metric,D5,142.1384,95.1484,142.1384,95.1484,3.3600000000000136,1.9000000000000057
Resistor_SMD:R_Array_Convex_4x0603,RN1,142.1511,107.7976,142.1511,107.7976,3.1000000000000227,3.6999999999999886
Resistor_SMD:R_Array_Convex_4x0603,RN3,127.0381,94.8436,127.0381,94.8436,3.0999999999999943,3.6999999999999886
Inductor_SMD:L_0805_2012Metric,FB2,153.3271,123.5456,153.3271,123.5456,3.5,1.6999999999999886
Resistor_SMD:R_Array_Convex_4x0603,RN4,172.6311,97.8916,172.6311,97.8916,3.1000000000000227,3.6999999999999886
Fuse:Fuse_1812_4532Metric_Pad1.30x3.40mm_HandSolder,F2,118.2116,105.1306,118.2116,105.1306,3.9000000000000057,6.240000000000009
Connector_PinSocket_2.54mm:PinSocket_1x08_P2.54mm_Vertical,J5,177.7111,80.8736,186.5861,80.89859999999999,21.350000000000023,3.549999999999997
Capacitor_SMD:C_0603_1608Metric,C5,139.7381,116.3066,139.7381,116.3066,1.4599999999999795,2.960000000000008
Fiducial:Fiducial_1mm_Mask3mm,FID2,168.0511,114.9326,168.0511,114.9326,2.0,2.0
Resistor_SMD:R_0603_1608Metric,Z2,126.9111,98.0186,126.9111,98.0186,2.9599999999999937,1.460000000000008
Resistor_SMD:R_0603_1608Metric,R1,133.2611,102.0826,133.2611,102.0826,2.9599999999999795,1.460000000000008
Diode_SMD:D_1206_3216Metric,D3,127.2921,85.4456,127.2921,85.4456,2.240000000000009,4.560000000000002
Arduino UNO:CAP_EEHZA1E470P,C2,139.7381,122.5296,139.7381,122.5296,7.100000000000023,8.699999999999989
LED_SMD:LED_0805_2012Metric,D7,172.6184,95.0468,172.6184,95.0468,3.3600000000000136,1.9000000000000057
Connector_PinHeader_2.54mm:PinHeader_2x03_P2.54mm_Vertical,J1,135.0391,84.1756,137.5641,82.9006,8.650000000000006,6.1499999999999915
Capacitor_SMD:C_0603_1608Metric,C8,159.9311,108.8136,159.9311,108.8136,2.9599999999999795,1.460000000000008
Package_TO_SOT_SMD:SC-59,Q1,122.4104,105.1306,122.4104,105.1306,3.8000000000000114,3.5999999999999943
Connector_PinHeader_2.54mm:PinHeader_2x03_P2.54mm_Vertical,J3,177.8381,101.1936,179.11309999999997,103.71860000000001,6.150000000000006,8.649999999999991
LED_SMD:LED_0805_2012Metric,D6,142.1511,97.3836,142.1511,97.3836,3.3600000000000136,1.9000000000000057
Jumper:SolderJumper-2_P1.3mm_Open_Pad1.0x1.5mm,JP2,125.6411,91.0336,125.6411,91.0336,3.3000000000000114,2.5
